Fecha	Modelo	Matricula 	ATA	Logbook Folio	Condicion	HORAS VUELO	CICLOS	TIEMPO DE ATENCION TOTAL	Descripcion del Reporte	Accion correctiva	Referencia	Tips	Base	Registrado por 	MEL Ref y Cat / Restricciones	Comp. Cambiado	N/P removido	S/N removido
12-feb-26	680A	XA-MLD	32 - Landing Gear		N/A	3				SE ESCUCHÓ GOLPETEO EN TREN DE NARIZ, SE EFECTÚO LA LISTA NOSE GEAR BUMPING IN FLIGHT 	SE EFECTUO ANALISIS DE FALLA DE MENSAJE TIPO CAS AMBAR "GEAR DISAGREE N" ALERT ID 1028 Y 1025, "GEAR BUMP TROUBLESHOOTING" Y REEMPLAZO DE NLG DOWNLOCK SWITCH POR UNO EN CONDICION	A.M.M. 32-00-00, A.M.M. 32-20-00, A.M.M. 32-30-10	N/A	ADN	HUGO LOMAS, JUAN RENATO, JOSE MARTIN	N/A	SI	6-0373-1   	1903
13-feb-26	525B	XA-MCU	71 - Powerplant	N/A	3				ENGINE START MALFUNCION. AL LLEGAR AL 5% DE GIRO DE N2 SE DESENGARZA Y NO COMPLETA CICLO DE ARRANQUE 	SE EFECTUO REEMPLAZO DE MARCHA GENERADOR DE MOTOR DERECHO POR UNA EN CONDICION DE SERVICEABLE. SE EFECTUARON PRUEBAS OPERACIONALES. 	A.M.M. 80-10-00. A.M.M.  24-31-00	DESCARTAR LA MARCHA REALIZANDO UN SWAP	ADN	JOSE DANIEL, ANASTACIO MEZA	N/A	SI	9912125-2	S00621
16-mar-26	LJ75	XA-MBD	71 - Powerplant	N/A	3				"INDICACIÓN R ITT EN ARCO ROJO SE ABORTA DESPEGUE, CON BAJA POTENCIA."	"SE EFECTUO ANALISIS DE FALLA EN ACUERDO CON HONEYWELL, NOTA: SE EFECTUO SOAP KIT EN AMBOS MOTORES POR RECOMENDACION DE HONEYWELL  Y LAS DEEC QUEDARON INTERCAMBIADAS "	 LMM  72-00-00 . LMM  79-20-01	N/A	ADN	JUAN ALBERTO, ANDRES GILBERTO, ALEJANDRO RAMIRES	N/A	NO	N/A	N/A
04-ene-26	680A	XA-MLD	25 - Equipo abordo	1673	2				"ASIENTO #1 RH NO ASEGURA ROTACIÓN"	"SE REALIZÓ REMOCIÓN DE ASIENTO, AJUSTE DEL PLUNGE PIN E INSTALACIÓN DE ASIENTO"	A.M.M.  25-20-21	PARA EL REMPLAZO ES NECESARIO BAJAR EL ASIENTO 	ADN	ROBERTO CARLOS	"25-20-02A  - D / (M) May be inoperative with seat occupied provided seat is secured in taxi, take-off and landing position."	NO	N/A	N/A
11-ene-26	680A	XA-MLD	25 - Equipo abordo	N/A	2				"PERILLA SOPORTE LUMBAR ASIENTO LH PILOTO INOP"	"SE EFECTUO AJUSTE A CHICOTE DE ASIENTO LH LUMBAR."	CMM CAP. 25 -14-22	N/A	ADN	JAIME ALBERTO. IVAN CORONADO	N/A	NO	N/A	N/A
17-ene-26	680A	XA-MLD	27	N/A	3				"DURANTE PRUEBAS EN TIERRA, LOS SPEED BRAKE INTERNOS RH SE MUEVEN HASTA EL 4 INTENTO."	"SE EFECTÚA SPEED BRAKE CONTROL SURFACE CHECK, A SPEED BRAKE INTERNOS."	AMM CAP. 27-60-00	VERIFICAR PRESION DE SISTEMA HIDRAULICO 	ADN	JAIME ALBERTO	N/A	NO	N/A	N/A
26-feb-26	680A	XA-MLD	72	N/A	3				"AL ATERRIZAR CAS ""ENG CNTRL FAUL L"""	"SE EFECTUO REVISION AL CABLEADO DE THRUST REVERSE SWICH DISCRETES FAULT."	AMM CAP. 72-00-02	N/A	ADN	CARLOS ANGUIANO	N/A	NO	N/A	N/A
29-mar-26	680A	XA-MLD	56	N/A	2				"ATENCION DE DIFERIDO ""WINSHIELD HEAT INOP LH"""	"SE REALIZÓ ANÁLISIS DEL CÓDIGO DE FALLA 0940 “WINDSHIELD HEAT INOP L”, SE REVISÓ CONDICIÓN DEL AC ALTERNATOR LH, ENCONTRANDO DAÑO EN LA FLECHA, POR LO QUE SE REEMPLAZÓ AC ALTERNATOR LH."	AMM CAP: 24-20-05	N/A	ADN	ROBERTO CARLOS	"24-20-01 - C /  One may be inoperative provided: a) Associated DC generating system is operative, b) Affected windshield electric anti-ice system is considered inoperative (Refer to item 30-40-02), and c) Associated Transformer Rectifier Unit (TRU) is selected off."	SI	NP: GNA12-5A-2A	N/A
07-ene-26	680A	XA-MLE	52	N/A	2				"PUERTA DE CARGA NO TIENE UN TORNILLO."	"SE REALIZO CORRECTA INSTALACION DEL BALL STUD DE LA PUERTA DE EQUIPAJE Y DEL AMORTIGUADOR DE LA PUERTA."	"AMM CAP: 52-30-25"	N/A	ADN	ROBERTO CARLOS	"52-30-01-05 - C / May be inoperative or missing provided precautions are taken when opening door."	SI	S1450-5-9-042C   	  S2467-1
14-ene-26	680A	XA-MLE	32	N/A	3				"DERIVADO DE INSPECCIÓN DE PERNOCTA SE DETECTA RUEDA #2 CON DESGASTE FUERA DE LÍMITES."	"SE EFECTUÓ REEMPLAZO DE CONJUNTO DE RUEDA #2 POR UNA EN CONDICIÓN DE SERVICEABLE."	 A.M.M. CAP. 32-40-05	N/A	ADN	LUIS FABIAN	N/A	SI	 3-1621      	D1326
21-ene-26	680A	XA-MLE	25 - Equipo abordo	648	2				"HIELERA NO ASEGURA EN CERRADO"	"SE EFECTÚA AJUSTE DE LATCH"	AMM CAP. 25-30-02	N/A	ADN	CESAR ENRIQUE	N/A	NO	N/A	N/A
21-ene-26	680A	XA-MLE	25 - Equipo abordo	648	2				"PUERTA DE GALLEY NO ABRE BIEN"	"SE EFECTUÓ AJUSTE Y LUBRICACIÓN DE SEGURO DE PUERTA."	 IMM CAP. 25-30-02	N/A	ADN	CESAR ENRIQUE	N/A	NO	N/A	N/A
01-feb-26	680A	XA-MLE	32	N/A	3				"EFECTUAR REEMPLAZO DE RUEDAS #1 Y #2 DE TREN DE ATERRIZAJE DE NARIZ POR DESGASTE FUERA DE LIMITES Y VIBRACIÓN EN CARRERA DE DESPEGUE"	SE EFECTUÓ REEMPLAZO DE RUEDAS #1 Y #2 DE TREN DE NARIZ DE ATERRIZAJE POR UNAS EN CONDICION DE SERVICEABLE.	 A.M.M. CAP. 32-40-15	N/A	ADN	LUIS FABIAN	N/A	SI	 3-1538-1            	T0201
11-feb-26	680A	XA-MLE	80	670	2				"DURANTE PERNOCTA SE DETECTA RH ENGINE RUN/STOP SWITCH FLIP GUARD CON RESORTE DAÑADO."	"SE REALIZO REEMPLAZO DE RH ENGINE RUN/STOP SWITCH FLIP GUARD POR UNA EN CONDICION DE NUEVO."	AMM CAP: 80-10-05	N/A	ADN	ROBERTO CARLOS	N/A	SI	 29103-001	N/A
20-feb-26	680A	XA-MLE	34	N/A	2				"FALLA DE TRANSPONDER 1"	"SE REALIZÓ ANÁLISIS DE FALLA, EFECTUANDO PRUEBAS POR CONTINUIDAD Y CHECK DE CABLEADO ELÉCTRICO Y COMPONENTES, ASÍ COMO PRUEBAS Y AJUSTES A GARMIN GTX 3000 TRANSPONDER SYSTEM."	AMM. CAP. 34-50-00	N/A	ADN	JAIME ALBERTO	34-52-01-00A - D / One must be operative in compliance with NOM-091-SCT3-2004.	NO	N/A	N/A
13-ene-26	680A	XA-MLT	25 - Equipo abordo	N/A	2				"PUERTA BAÑO MECANISMO INOPERATIVO"	"SE EFECTUO REEMPLAZO DE AMORTIGUADOR DE PUERTA DE BAÑO IZQUIERDA POR UNO EN CONDICION DE SERVICEABLE."	I.M.M & IPC. CAP. 25-20-33.	N/A	ADN	JOSE MANUEL, ELIOT MORALES	52-50-01 - C / May be inoperative provided door is secured open.	SI	8900029	N/A
13-ene-26	680A	XA-MLT	25 - Equipo abordo	1119	2				"PUERTA DE BAÑO IZQUIERDA NO TRABA."	"SE EFECTUO LUBRICACION DEL MECANISMO Y CORRECTA INSTALACION DE FORWARD AFT  DIVIDER PANEL"	IMM CAP 25-20-33	N/A	ADN	CESAR ENRIQUE	52-50-01 - C / May be inoperative provided door is secured open.	NO	N/A	N/A
23-ene-26	680A	XA-MLT	34	N/A	2				L PFD GTC INOPERATIVO	"SE LIBERA AERONAVE XA-MLT BAJO MEL CAP 34-25-07 ""TOUCHSCREEN CONTROLLER L PFD"" CATEGORÍA ""C"" CON FECHA DE VENCIMIENTO DEL 01-FEB-2026."	N/A	N/A	ADN	LUIS FABIAN	"34-25-07 - C / One may be inoperative provided controller is deactivated. NOTE: Any functions or controls that operate normally may be used."	NO	N/A	N/A
30-ene-26	680A	XA-MLT	34	1139	2				"EFECTUAR REEMPLAZO DE ""L PFD GTC"" EN ATENCIÓN A DIFERIDO DE FOLIO 1139"	"SE EFECTÚA REEMPLAZO DE ""L PFD GTC"" POR UNO EN CONDICIÓN DE SERVICEABLE."	A.M.M. CHAP 34-60-10	N/A	ADN	CARLOS DANIEL. ROBERTO CARLOS, LUIS FABIAN	"34-25-07 - C / One may be inoperative provided controller is deactivated. NOTE: Any functions or controls that operate normally may be used."	SI	011-03759-01 	 4MT102949
27-ene-26	680A	XA-MLT	25 - Equipo abordo	N/A	2				"DERIVADO DE INSPECCIÓN POR PERNOCTA SE ENCUENTRA ""MICRO PUMP"" CON FUGAS DE AGUA"	"SE REALIZO REEMPLAZO DE LA MICROPUMP POR UNA EN CONDICION SERVICIABLE."	IMM CAP 25-40-01	N/A	ADN	LUIS FABIAN 	N/A	SI	 L21995	N/A
07-mar-26	680A	XA-MLT	24	1177	2				"CALENTAMIENTO INOPERATIVO EN WINDSHIELD DERECHO. WSHLD HEAT INOP R"	"POR TROUBLESHOOTING SE EFECTUÓ SWAP DE ACU DE AMBOS MOTORES ENG 1 ACU PN 9914443-2 SN 828 ENG 2 ACU PN 9914443-2 SN 589  REPLICANDO FALLA LADO DERECHO SE PROCEDIÓ A REGRESAR ACU A POSICIONES ORIGINALES."	AMM CAP: 24-20-10,	N/A	ADN	CESAR ENRIQUE, ROBERTO CARLOS, ELIOT MORALES	"24-20-01 - C /  One may be inoperative provided: a) Associated DC generating system is operative, b) Affected windshield electric anti-ice system is considered inoperative (Refer to item 30-40-02), and c) Associated Transformer Rectifier Unit (TRU) is selected off."	SI	9914443-2	N/A
07-mar-26	680A	XA-MLT	25 - Equipo abordo	N/A	2				"CABECERAS AMBOS ASIENTOS PILOTOS FLOJOS."	"SE EFECTUO AJUSTE A CABECERAS DE AMBOS ASIENTOS PILOTOS."	IMM  CAP. 25-14-22	N/A	ADN	ELIOT MORALES	N/A	NO	N/A	N/A
27-ene-26	680A	XA-MLF	31	N/A	2				"CAS BLANCO ""ENGINE DISPATCH LIM L"""	"SE CIERRA REPORTE CONTANDO CON REMANENTE DE 61 HORAS EN ESPERA DE PARTE DE ACUERDO AL DIFERIDO BAJO MEL ""ENG DISPATCH LIM L"" CAP 31-50-06-04 CON FOLIO DE APERTURA 0092."	AMM 31-50-06-04	N/A	ADN	LUIS FABIAN, ELIOT MORALES	N/A	NO	N/A	N/A
13-feb-26	680A	XA-MLF	33	124	2				"EFECTUAR REEMPLAZO DE GROUND RECOGNITION LIGHT"	"SE EFECTUO REEMPLAZO DE GROUND RECOGNITION LIGHT POR UNO EN CONDICION DE SERVICEABLE."	A.M.M. 33-40-35	N/A	ADN	ELIOT MORALES	"33-40-02 - C / NOTE: Operation with the white anti-collision lights in lieu of a red ground recognition light should be restricted to operations between sunrise and sunset."	SI	01-0790769-00	N/A
19-feb-26	680A	XA-MLF	34	N/A	2				"REPORTE DE TRIPULACIÓN. SALIDAS RADAR INDICÓ QUE NO LOS VEÍA EN PANTALLA. SE PROBARON AMBOS XPDR A 7,000 FT AGL HUBO CONTACTO RADAR."	"SE EFECTUARON PRUEBAS OPERACIONALES AL GTX 3000 TRANSPONDER SYSTEM, REVISIÓN DE CABLEADO Y CONEXIONES."	A.M.M. CAP. 34-50-00,  W.D.M. CAP. 34-50-01	CONFIRMAR CON TRIPULACION SI SE ENCONTRARON CERCA DE ZONAS RESTRINGIDAS	ADN	LUIS FABIAN	"34-52-01-00B ALL TRANSPONDER - B / May be inoperative provided: a) Operations do not require its use, b) Prior to flight, approval is obtained from ATC facilities having jurisdiction over planned route of flight, c) TCAS is considered inoperative (refer to item 34-45-01), and d) Aircraft is not operated RVSM."	NO	N/A	N/A
28-ene-26	CL605	XA-NDY	29	N/A	2				"RUIDO EN FRENO DERECHO "	SE EFECTUO PURGA EN EL SISTEMA DE HIDRAULICO #3 DE ACUERDO AL AMM CAP. 29-10-00 QUEDANDO BIEN PARA SERVICIO 	AMM CHAP. 29-10-00	N/A	ADN	JAIME ALBERTO PEREZ ROSALES  (J.PEREZ)	N/A	NO	N/A	N/A
03-mar-26	CL605	XA-NDY	34	1860	2				NAV 2, ILS 2 INOPERATIVO DE MANERA INTERMITENTE|	SE REALIZÓ REEMPLAZÓ DEL VHF NAV RECEIVER #2 POR UNO EN CONDICIÓN SERVICEABLE DE ACUERDO AL AMM CAP: 34-51-01, ESTANDO BIEN PARA SERVICIO	AMM CAP: 34-51-01	N/A	ADN	JOSE MANUEL LOPEZ PEREZ  (JM.LOPEZ)	N/A	SI	822-1465-001	N/A
03-mar-26	CL605	XA-NDY	23	N/A	2				PTT DEL JOKE DE I/C INOP COPILOTO	SE LIBERA BAJO MEL PRESS TO TALK P/O CON CATEGORIA "C" VENCIMIENTO AL 10/MAR/26 DE ACUERDO AL MEL CAP 23-51-4	MEL CAP 23-51-4	N/A	ADN	JAIME ALBERTO PEREZ ROSALES (J.PEREZ)	"23-51-4 - C / One or two may be inoperative provided: a) Switch is not failed in transmit mode, b) One RT/IC switch operates normally for each crewmember, and c) Handheld microphone on affected side is operative."	NO	N/A	N/A
08-mar-26	CL605	XA-NDY	23	1868	2				EFECTUAR REMPLAZO DE PTT (SIC)	SE EFECTUO REMPLAZO DE PTT SWICH DEL YOKE DE SIC DE ACUERDO AL AMM. CAP: 23-51-10 POR UNO EN CONDICION DE NUEVO. CON ESTA ACCION SE CIERRA EL DIFERIDO "PTT DEL JOKE SIC INOP" CON FOLIO DE APERTURA 1861, CATEGORIA "C" CON FECHA DE VENCIMIENTO DEL 10/MAR/2026. QUEDANDO BIEN PARA SERVICIO. 	 AMM. CAP: 23-51-10	N/A	ADN	JOSE MANUEL LOPEZ PEREZ  (JM.LOPEZ)	"23-51-4 - C / One or two may be inoperative provided: a) Switch is not failed in transmit mode, b) One RT/IC switch operates normally for each crewmember, and c) Handheld microphone on affected side is operative."	SI	385-4348	N/A
24-mar-26	CL605	XA-NDY	34	N/A	2				AJUSTAR PERILLA DE TILT RANGE (RADAR DCP)	SE EFECTUO AJUSTE A LA PERILLA DE RANGO DE RADAR DERECHO (DCP 2) Y PRUEBA DE ACUERDO AL A.M.M CAP. 34-41-00.	 A.M.M CAP. 34-41-00.	VERIFICAR EL TILT PRINCIPAL	ADN	CARLOS DANIEL GONZALEZ MARTINEZ (CD.GONZALEZ)	34-41-1 - C /  View MEL	NO	N/A	N/A
22-mar-26	680A	XA-MLG	34	20	2				PRÓXIMO A ATERRIZAR, ENTRE 2000/2500 FT EMPIEZA LA ALARMA DE LDG GEAR Y UN ANUNCIO AURAL DE 10 FEET, REPITIENDO VARIAS VECES HASTA QUE BAJAS EL TREN	"SE REALIZÓ CALIBRACIÓN DEL RADIOALTÍMETRO Y PRUEBA FUNCIONA."	AMM CAP: 34-45-00	N/A	ADN	ROBERTO CARLOS	"34-42-1 - C / (O) May be inoperative provided: a) Radio altitude data is either available to or not required by other required systems, and b) Approach minimums do not require its use. NOTE 1: Radio altitude data is required for Autopilot, Flight Director System, TCAS, GPWS (TAWS), and Autothrottle System (ATS). NOTE 2: (605) (604 with ATS) ATS retard mode is not available when pilot’s radio altimeter is inoperative. NOTE 3: EFIS COMP INOP (Caution) message may be displayed. (604, 605)."	NO	N/A	N/A
22-mar-26	680A	XA-MLG	25 - Equipo abordo	20	2				NO ENCIENDE LA PANTALLA PARA CALENTAR EL CAFE	"SE REALIZÓ LIMPIEZA Y CORRECTA INSTALACIÓN DEL CONECTOR DEL PASSENGER CONTROL UNIT."	 IMM CAP: 25-30-01	EFECTUAR UN RESET CON BATERIAS Y ESPERAR A QUE CARGUE COMPLETAMENTE EL SISTEMA SIN MANIPULAR FUNCIONES ANTES.	ADN	CESAR ENRIQUE	N/A FOR ALE	NO	N/A	N/A
07-ene-26	680A	XA-AGV	25 - Equipo abordo	N/A	2				ASIENTO #1 DEL LADO IZQ NO ASEGURA EL RESPALDO	"SE EFECTUO CORRECTA INSTALACION DE RESPALDO Y PRUEBAS OPERACIONALES DE ASIENTO #1."	IMM CAP 25-00-08	AJUSTE DE CHICOTES (USAR LLAVE 3/8  Y 7/16) 	ADN	JAIME ALBERTO. IVAN CORONADO	"25-20-06-02A - D / May be inoperative with seat occupied provided seat is secured in taxi, take-off and landing position."	NO	N/A	N/A
07-ene-26	680A	XA-AGV	32	N/A	3				"GOLPETEO CONSTANTE EN TREN DE NARIZ"	"SE EFECTUO SERVICIO DE TREN DE ATERRIZAJE DE NARIZ (SHOCK STRUT) WAS PERFORMED SERVICE OF NOSE LANDING GEAR SHOCK STRUT"	AMM CAP 12-10-52	VERIFICAR AJUSTE DE UPLOCK SWITCH MIDIENDO	ADN	IVAN CORONADO	N/A	NO	N/A	N/A
01-feb-26	680A	XA-MLU	21	N/A	3				FL400 CAS CAS AMARILLO “CABIN ALTITUDE” Y CABIN ALTITUDE INDICANDO 5800FT EN AMARILLO	"PRESSURIZATION CONTROL SYSTEM FUNCTIONAL CHECK"" Y ""PRESSURIZATION CONTROL SYSTEM OPERATIONAL CHECK (ENGINE RUN)"	 AMM CAP 21-30-00	EFECTUAR UN SWAP DE PCB PARA DESCARTAR FALLA 	ADN	LUIS FABIAN	N/A	NO	N/A	N/A
02-feb-26	680A	XA-MLU	21	N/A	3				CAS "TAIL BLEED LEAK" DURANTE TAXEO	"SE EFECTUO CORRECTA INSTALACION DE COUPLING EN DUCTO DE APU Y BLEED AIR COUPLING LEAK CHECK"	A.M.M. CAP. 21-10-25, 20-10-40	N/A	ADN	JOSE MANUEL, ELLIOT MORALES, 	N/A	NO	 AS3209-222	N/A
22-feb-26	680A	XA-MLU	33	N/A	2				LUCES DE EMERGENCIA NO PASAN PRUEBA	SE EFECTUO REEMPLAZO DE #2 EMERGENCY LIGHTING BATTERY PACK POR UNA EN CONDICION DE REPARADA  	 A.M.M. CAP. 33-50-06	VERIFICAR Y DICTAMINAR EFECTUANDO UN SWAP	ADN	ELLIOT MORALES	ONLY INTERIOR (VIEW MEL)	NO	CBS28-1 	1198M
04-mar-26	680A	XA-MLU	33	1666	2				NO PASO PRUEBA LUCES DE EMERGENCIA DE PUERTA PRINCIPAL.	SE REALIZO PRUEBA DE CAPACIDAD DE PAQUETES DE BATERIA DE LUCES DE EMERGENCIA Y REEMPLAZO DEL PAQUETE DE BATERIA #3 POR UNO EN CONDICION SERVICEABLE.	 AMM CAP: 33-50-00 Y 33-50-06	VERIFICAR Y DICTAMINAR EFECTUANDO UN SWAP	ADN	ROBERTO CARLOS	ONLY INTERIOR (VIEW MEL)	SI	CBS28-1	N/A
06-mar-26	680A	XA-MLU	23	1667	2				PTT LH INOP	"SE REALIZO LIMPIEZA DEL PTT SWITCH Y PRUEBA OPERACIONAL."	AMM CAP: 23-50-00	REALIZAR LIMPIEZA  DE PTT ANTES DE DESCARTAR (LA CONTAMINACION IMPIDE EL CONTACTO)	ADN	ROBERTO CARLOS	23-50-07-04C - C / May be inoperative provided both yoke switches are operative.	NO	N/A	N/A
31-mar-26	680A	XA-MLU	23	N/A	2				"DURANTE LA INSPECCION DE PERNOCTA SE DETECTA STATIC WICK FALTANTE EN EL ALA DERECHA."	"SE EFECTUA INSTALACION  DE STATIC WICK EN CONDICION DE NUEVA EN EL ALA DERECHA."	AMM CAP. 23-60-05	N/A	ADN	JAIME ALBERTO	23-60-01 - C / VIEW MEL	SI	 16920	N/A
28-ene-26	525B	XA-ALE	21	N/A	2				AL DESPEGAR SE EMPEZÓ A ESCUCHAR UN SONIDO FUERTE EN LA CABINA DE PILOTOS, SE ESCUCHABA COMO UNA VÁLVULA QUE ABRÍA O CERRABA SUBIENDO LA PRESIÓN DIFERENCIAL HASTA 7.8 A 20,000 PIES; TOMANDO LA DECISIÓN DE REGRESAR POR SEGURIDAD DE LOS PASAJEROS Y OPERACIÓN.	"DURANTE CONFIGURACION WINDSHIELD ANTI ICE BLEED SWITCH EN POSICIÓN DE LOW CON PERILLAS WINDSHIELD BLEED AIR LEFT RIGHT EN POSICIÓN DE OFF, SE EFECTUÓ CONFIGURACIÓN WINDSHIELD BLEED AIR ANTI ICE SYSTEM OPERATIONAL"	AMM CAP. 30-40-00, 21-31-00 	N/A	ADN	JAIME ALBERTO, LUIS GERARDO		NO	N/A	N/A
13-feb-26	525B	XA-ALE	34	N/A	2				AOA HEATER FAIL CAS (AMBAR) SE PRESENTA DURANTE EL ARRANQUE DE AMBOS MOTORES	"SE EFECTUO PRUEBA DE CALENTAMIENTO DE ANGULO DE ATAQUE SIN ANOMALIAS."	A.M.M. CAP. 34-10-11.	N/A	ADN	ELLIOT MORALES		NO	N/A	N/A
24-mar-26	525B	XA-ALE	32	90	2				VIBRACIÓN EN RUEDA DE NARIZ AL SUBIR EL TREN CON DURACION DE 30 SEGUNDOS	"E REALIZÓ REEMPLAZÓ DE RUEDA DE NARIZ POR UNA EN CONDICIÓN SERVICEABLE."	AMM CAP: 32-41-00	N/A	ADN	ROBERTO CARLOS		SI	 031-613-8	 3-1418
31-ene-26	525B	XA-MCT	21	N/A	2				AIRE ACONDICIONADO EN VUELO, EN FUNCION DE FLOOD SELECTION, HUELE A QUEMADO LIGERAMENTE.	"SE EFECTUO TEST A SISTEMA DE AIRE ACONDICIONADO."	A.M.M. CAP.  21-20-00 	VERIFICAR PRESION DE COMPRESOR Y ASEGURAR QUE LA FUNCION DEL COMPRESOR SE REALIZA POR DEBAJO DE LA ALTITUD MENCIONADA EN EL MANUAL	ADN	CARLOS ANGUIANO		NO	N/A	N/A
31-ene-26	525B	XA-MCT	32	N/A	2				EFECTUAR REEMPLAZO DE CONJUNTO DE RUEDA/LLANTA DE TREN PRINCIPAL DE ATERRIZAJE IZQUIERDO 	"SE EFECTUO  REEMPLAZO DE CONJUNTO DE RUEDA/LLANTA DE TREN PRINCIPAL DE ATERRIZAJE IZQUIERDO POR UNA EN CONDICION DE SERVICEABLE."	A.M.M. CAP. 32-41-00	N/A	ADN	ELLIOT MORALES		SI	 026-618-0	N/A
05-ene-26	525B	XA-MJT	32	N/A	2				DERIVADO DE LA INSPECCIÓN DE PERNOCTA SE ENCONTRÓ LLANTA DE NARIZ #5 CON DESGASTE	SE EFECTUO REEMPLAZO DE LA RUEDA DE NARIZ #5 POR UNA EN CONDICION SERVICIABLE DE ACUERDO AL AMM CAP. 32-42-01 QUEDANDO BIEN PARA SERVICIO.	 AMM CAP. 32-42-01	N/A	ADN	JAIME ALBERTO PEREZ ROSALES  (J.PEREZ)		SI	031-614-0	N/A
05-ene-26	CL605	XA-MJT	32	N/A	2				"DERIVADO DE INSPECCIÓN DE PERNOCTA SE ENCONTRÓ LLANTA DE NARIZ #6 CON DESGASTE"	"DERIVADO DE INSPECCIÓN DE PERNOCTA SE ENCONTRÓ LLANTA DE NARIZ #6 CON DESGASTE"	 AMM CAP. 32-42-01	N/A	ADN	JAIME ALBERTO PEREZ ROSALES  (J.PEREZ)		SI	031-614-0  	N/A
22-mar-26	CL605	XA-MJT	29	N/A	2				LOW PRESS 3A INTERMITENTE CUANDO ESTA APAGADO	SE EFECTUO SWAP DE SWITCH DE PRESION HIDRAULICA PARA ANALISIS DE FALLA CON N/P: 600-59134-1 DEL SISTEMA 1 Y 3 PARA ANALISIS DE FALLA REPLICANDO FALLA Y DEVOLVIENDO A SU POSICION ORIGINAL DE ACUERDO A SMARTFIX PLUS CAP. 29-00-00. AERONAVE SE LIBERA BAJO MEL NO. 29-34-1 CON CATEGORÍA "C" PARA CAS INTERMITENTE HYD 3 LOW PRESS  CON FECHA DE VENCIMIENTO 2 DE ABRIL 2026 	SMARTFIX PLUS CAP. 29-00-00	N/A	ADN	CARLOS ANGUIANO RODRIGUEZ (C.ANGUIANO)	"29-34-1 - C / May be inoperative provided: a) At least one Low Pressure Switch is operative for each Hydraulic System, and b) Associated Hydraulic Pressure and Quantity Indicating Systems are verified operative."	SI	 600-59134-1	N/A
22-mar-26	CL605	XA-MJT	21	N/A	3				PRESURIZACION SUMAMENTE INESTABLE EN DESCENSOS, CON 1200 HASTA 1500 FT MIN 	SE EFECTUO LIMPIEZA DE LAS OUTFLOW VALVE EN ACUERDO CON AMM CAP 21-32-01, QUEDANDO BIEN PARA SERVICIO 	AMM CAP 21-32-01	N/A	ADN	CARLOS ANGUIANO RODRIGUEZ (C.ANGUIANO)		NO	N/A	N/A
26-mar-26	CL605	XA-MJT	52	771	3				REPORTE DE TRIPULACIÓN "EXTERNAL DOOR OPEN CAS BLANCO. WATER SERVICE SE VE LA PUERTA DOBLADA" FOLIO 0771 	SE ENCUENTRA PUERTA DE "WATER SERVICE" MAL CERRADA POR GUARDA DE SWITCH ABIERTA. SE CIERRA DE MANERA CORRECTA Y SE DESCARTA ALGUNA OTRA FALLA DE ACUERDO AL TROUBLESHOOTING DE SMARTFIX CAP. 52-72-00 QUEDANDO BIEN PARA SERVICIO.	 SMARTFIX CAP. 52-72-00	N/A	ADN	LUIS FABIAN FUNTES CONTRERAS (LF.FUENTES)		NO	N/A	N/A
16-ene-26	CL605	XA-MXJ	34	1573	2				"DURANTE LA APROXIMACION SE PRENDIO CAS AMBAR ADS-B OUT FAIL/ GNSS NOT AVAILABLE"	SE REALIZO INSPECCION A LOS GPS RECEIVERS Y PRUEBA OPERACIONAL DEL SISTEMA DE GPS DE ACUERDO AL AMM CAP: 34-55-00, QUEDANDO BIEN PARA SERVICIO	 A.M.M. CAP. 34-55-00	N/A	ADN	Guadalupe Fargan		NO	N/A	N/A
20-ene-26	CL605	XA-MXJ	28 y 12	1575	2				"1- VÁLVULA DE COMBUSTIBLE ALA IZQUIERDA SE CERRÓ AL CARGAR COMBUSTIBLE. 2- AL SUBIR EL TREN DE ATERRIZAJE SE ENCIENDE LUZ ROJA DE LANFING DISAGREE Y HYD PUMP LOW PRESS. TARDÓ MAS DE 10 SEGUNDOS EN SUBIR EL TREN Y SE TUVO CAS AUDIBLE"	"1- SE REALIZA PRUEBA DE SOVS EN PANEL DE COMBUSTIBLE EXTERIOR Y LA SOV “L MAIN”NO PASA LA PRUEBA DEBIDO A QUE LUZ DE “HIGH LEVEL SENSOR” EN PANEL NO ENCIENDE. EN PANEL DE COMBUSTIBLE DE CABINA LA LUZ DE “HIGH LEVEL” DE LA SOV “L MAIN” SE MANTIENEN ENCENDIDA TODO EL TIEMPO. DE ACUERDO AL AMM CAP 28-41-00 LA SOV CIERRA CUANDO EL “HIGH LEVEL SENSOR” DETECTA UNA LECTURA DE 4,398 LTS. AL MOMENTO DE LAS PRUEBAS EL TANQUE LH CONTABA CON APROXIMADAMENTE 1500 LTS POR LO QUE LA INDICACIÓN DE “HIGH LEVEL” POR PARTE DEL “HIGH LEVEL SENSOR” ES ERRÓNEA. SE BORRA MEMORIA VOLÁTIL DE “FUEL SYSTEM COMPUTER” PARA BORRAR CUALQUIER CÓDIGO DE FALLA QUE PUDIERA ESTAR PRESENTE PERO LA MISMA INDICACIÓN DE “HIGH LEVEL” PERMANECE. 2- SE REALIZA QUANTITY CHECK AL SISTEMA HIDRÁULICO NO.3 ENCONTRÁNDOSE DE ACUERDO AL AMM CAP 12-12-29 CON UN NIVEL SUPERIOR AL DE LLENO (FULL). DE ACUERDO A LA TABLA PRESENTE EN EL POZO DEL TREN DE ATERRIZAJE PARA EL SERVICIO AL SISTEMA NO 3, A LA TEMPERATURA DE 30° Y CON EL SISTEMA PRESURIZADO A 3000 PSI SE DEBE DE TENER UNA LECTURA DE 59% ESTANDO EN FULL Y 47% SERÍA NECESARIO RECARGAR. LA LECTURA FUE DE 86%, SOBREPASANDO LA  MEDIDA DE FULL. LA LECTURA CON EL SISTEMA A 0 PSI DEBERÍA DE SER DE 71% INDICANDO FULL SEGÚN LA TABLA, PERO LA LECTURA EN EL AVIÓN ES DEL 100%"	28-41-00 y 12-12-29 	N/A	ADN	Guadalupe Farfan		NO	N/A	N/A
17-may-26	CL605	XA-MXJ	27	N/A	3				EXTENSIÓN ASIMÉTRICA DE FLIGHT SPOILER (DERECHO)	SE REALIZÓ REGLAJE DEL FLIGHT SPOILER POSITION TRANSMITTER Y PRUEBA FUNCIONAL DE LOS SPOILERS DE VUELO DE ACUERDO AL AMM CAP: 27-61-00 Y 27-61-19, QUEDANDO BIEN PARA SERVICIO	 27-61-00 Y 27-61-19	N/A	ADN	GUADALUPE FARFAN		NO	N/A	N/A
18-mar-26	CL605	XA-MXJ	34	N/A	2				"PERILLA DEL “DCP” SUELTA ""DCP"" KNOB LOOSE"	"SE REALIZÓ INSTALACIÓN DE LA PERILLA DEL DCP Y PRUEBA OPERACIONAL DE ACUERDO AL AMM CAP: 34-24-01, QUEDANDO BIEN PARA SERVICIO PERFORMED DCP KNOB INSTALLATION AND OPERATIONAL TES IAW AMM CHAP: 34-24-01, READY FOR SERVICE"	34-24-01 y 34-24-01	APRETAR CON LLAVE PERILLERO O LLAVE ALLEN	ADN	GUADALUPE FARFAN		NO	N/A	N/A
30-mar-26	CL605	XA-MXJ	32	N/A	2				DERIVADO DE INSPECCIÓN DE PREVUELO SE DETECTA RUEDA #3 CON DESGASTE FUERA DE LÍMITES	SE EFECTUÓ REEMPLAZO DE CONJUNTO DE RUEDA #3 POR UNA EN CONDICIÓN DE SERVICEABLE DE ACUERDO AL A.M.M. CAP. 32−41−01 QUEDANDO BIEN PARA SERVICIO.	32−41−01	N/A	ADN	GUADALUPE FARFAN		NO	MAZA - N/P: 5012373,  LLANTA - N/P: 027-697-0, SCREW(2) - N/P: NAS1351C3H10,     WASHER PLATE(2) - N/P: NAS1351C3H10 	N/A
15-abr-26	CL605	XA-MXJ	12 Y 7	N/A	2				REPORTE DE TRIPULACIÓN: DESPUÉS DEL DESPEGUE SE PRENDIÓ EN EL CAS "HYD 3 LOW PRESS" Y POSTERIOR LUZ ROJA DE "GEAR DISAGREE" Y POSTERIOR SE PRENDE LUZ ROJA DE "NOSE DOOR OPEN". TARDA EN SUBIR EL TREN DE ATERRIZAJE + DE 25  SEG CUANDO LA TRANSICIÓN DE SUBIR EL TREN DE ATERRIZAJE ES DE 10 SEGUNDOS.	"SE REVISA EL NIVEL DE FLUIDO HIDRÁULICO EN SISTEMA NO. 3 ACUERDO AL A.M.M. CAP. 12-12-29, ENCONTRANDO UNA LECTURA LECTURA DE 60% A 30°C Y 3000 PSI, SIENDO ESTO UN POCO MÁS DEL LÍMITE DE LLENADO (59% FULL DE ACUERDO A LA TABLA). SE REALIZA EL SERVICIO AL SISTEMA NO. 3 DE ACUERDO AL PUNTO (3) DE LA MISMA REFERENCIA, DRENANDO LA SUFICIENTE CANTIDAD PARA DEJARSE EN UN NIVEL INTERMEDIO DE ~56% A 49°C Y 3000 PSI (SIENDO FULL 60% Y REFILL A 48%). DURANTE DICHA PURGA SE ENCONTRARON BURBUJAS. SE DRENÓ HIDRÁULICO HASTA NOTAR LA AUSENCIA DE BURBUJAS COMO LO INDICA EL PUNTO (2) INCISO (O) Y SE RECARGÓ HIDRÁULICO HASTA ALCANZAR LA CANTIDAD ANTES MENCIONADA. CON ESTO LA AERONAVE QUEDA BIEN PARA SERVICIO."	A.M.M. CAP. 12-12-29	EFECTUAR CICLOS DE SUPERFICIES DE VUELO Y TREN (SI SE PUEDE) PARA CONFIRMAR UNA PURGA CORRECTA.	ADN	JOSE MANUEL		NO	N/A	N/A
30-abr-26	CL605	XA-MXJ	32	N/A	2				DERIVADO DE LA PERNOCTA SE DETECTO RUEDA #4 CON PIQUETE PROFUNDO	SE EFECTUO REEMPLAZO DE RUEDA #4 POR UNA EN CONDICION SERVICEABLE DE ACUERDO AL A.M.M. CAP. 32-41-01 QUEDANDO BIEN PARA SERVICIO.	32-41-01, 07-10-01 y 32-30-00	N/A	ADN	JAIME ALBERTO		SI	5012373	N/A
07-ene-26	CL605	XA-MJT	25 - Equipo abordo	N/A	2				EFECTUAR AJUSTE DE MESA IZQUIERDA #1 DE PASAJEROS Y VENTANA #2 DE PASAJEROS IZQUIERDA 	"SE EFECTUO CORRECTA INSTALACION DE ""PULL UP TABLE"" #1 DE ACUERDO AL S.M.M. CAP. 25-25-51. SE EFECTUO AJUSTE DE MECANISMO DE MANIJA DE PERSIANA #2 IZQUIERDA DE ACUERDO AL A&C PRODUCTS PLATED WINDOW SHADES MANUAL CAP. 8.1"	S.M.M. 25-25-51. y A&C PRODUCTS PLATED WINDOW SHADES MANUAL CAP. 8.1	N/A	ADN	JOSE MANUEL	N/A	NO	N/A	N/A
07-ene-26	CL605	XA-MJT	57	N/A	2				DERIVADO DE INSPECCIÓN DE PERNOCTA SE DETECTA FALTA DE SELLANTE EN BORDE DE ATAQUE DE ALA DERECHA	SE EFECTUO APLICACION DE SELLANTE EN BORDE DE ATAQUE DE ALA DERECHA QUEDANDO BIEN PARA SERVICIO. DE ACUERDO AL A.M.M. CAP. 57-40-01.	57-40-01	N/A	ADN		N/A	NO	N/A	N/A
22-mar-26	CL605	XA-MXJ	29	N/A	2				LOW PRESS 3A INTERMITENTE CUANDO ESTA APAGADO	SE EFECTUO SWAP DE SWITCH DE PRESION HIDRAULICA PARA ANALISIS DE FALLA CON N/P: 600-59134-1 DEL SISTEMA 1 Y 3 PARA ANALISIS DE FALLA REPLICANDO FALLA Y DEVOLVIENDO A SU POSICION ORIGINAL DE ACUERDO A SMARTFIX PLUS CAP. 29-00-00. AERONAVE SE LIBERA BAJO MEL NO. A.M.M. CAP. 29-34-1 CON CATEGORÍA "C" PARA CAS INTERMITENTE HYD 3 LOW PRESS  CON FECHA DE VENCIMIENTO 2 DE ABRIL 2026 	29-00-00 	DESCARTAR REALIZANDO UN SWAP	ADN	ELIOT MORALES	 29-34-1	SI	600-59134-1 	N/A
22-mar-26	CL605	XA-MJT	21	N/A	2				PRESURIZACION SUMAMENTE INESTABLE EN DESCENSOS, CON 1200 HASTA 1500 FT MIN 	SE EFECTUO LIMPIEZA DE LAS OUTFLOW VALVE EN ACUERDO CON AMM CAP 21-32-01 ASI MISMO SE EFECTUUARON PRUEBAS OPERACIONALES NO SATISFACTORIAS EN MODO AUTOMATICO EN ACUERDO CON AMM CAP 21-31-00	21-32-01 y 21-31-00	N/A	ADN	ANDRES GILBERTO	N/A	NO	N/A	N/A
26-mar-26	CL605	XA-MJT	52	N/A	2				REPORTE DE TRIPULACIÓN "EXTERNAL DOOR OPEN CAS BLANCO. WATER SERVICE SE VE LA PUERTA DOBLADA	SE ENCUENTRA PUERTA DE "WATER SERVICE" MAL CERRADA POR GUARDA DE SWITCH ABIERTA. SE CIERRA DE MANERA CORRECTA Y SE DESCARTA ALGUNA OTRA FALLA DE ACUERDO AL TROUBLESHOOTING DE SMARTFIX CAP. 52-72-00 QUEDANDO BIEN PARA SERVICIO.	52-72-00	VERIFICAR SI POR FUERA UN SWITCH ESTA MANDANDO MALA SEÑAL (FUEL SERVICE O WATER SERVICE)	ADN	GUADALUPE FARFAN	N/A	NO	N/A	N/A
03-abr-26	CL605	XA-MJT	25 - Equipo abordo	N/A	2				EN PUERTA DE EQUIPAJE LA MANIJA ESTA ROZANDO CON PARTE INTERNA AL ABRIRSE	SE EFECTUO CORRECTA INSTALACION  DE TORNILLERIA DE ACUERDO AL SMM CAP. 25-53-53-400-801, QUEDANDO BIEN PARA SERVICIO.	25-53-53-400-801	N/A	ADN	Carlos Anguiano	N/A	NO	J6060A, 	N/A
04-abr-26	CL605	XA-MJT	31	N/A	3				REPORTE FDR FAIL	SE EFECTUO REEMPLAZO DE FDR POR UNA EN CONDICION DE "OVERHAULED" CON MISMO NUMERO DE PARTE. TRABAJO REALIZADO DE ACUERDO A AMM.CAP. 31-31-01, 31-31-07. QUEDANDO BIEN PARA SERVICIO.	31-31-01 y 31-31-07	N/A	ADN	Cesar Villalobos	N/A	NO	 2100-4043-00 / 266-E5542-00	N/A
05-abr-26	CL605	XA-NDY	25 - Equipo abordo	N/A	2				REEMPLAZAR TAPA DE CAFETERA. SE ENCUENTRA ROTA POR LO QUE SE AFLOJA Y SE SALE.	SE EFECTUA REEMPLAZO DE TAPA DE CAFETERA DE ACUERDO AL C.M.M. "MODEL 1603 SERIES COFFE BREWER" CAP. 25-30-48 QUEDANDO BIEN PARA SERVICIO.	C.M.M. 25-30-48	N/A	ADN	LUIS FABIAN	N/A	NO	N/A	N/A
23-feb-26	525B	XA-MCT	25 - Equipo abordo	N/A	2				CAJON DE BAÑO NO CIERRA (LATERAL DERECHO) NI ASEGURA	"SE EFECTUO REMOCION DE CAJON Y CORRECTA INSTALACION DE CAJON DE BAÑO. PERFORMED REMOVAL AND RIGHT INSTALLATION IN RH RESTROOM´S DRAWER NO ANOMALIES"	A.M.M. CAP. 25-40-00	N/A	ADN	ELIOT MORALES	N/A	NO	N/A	N/A
12-ene-26	525B	XA-MCU	56	N/A	2				EN LA FASE FINAL DE APROXIMACION ESTABA LLOVIENDO DE MANERA NORMAL Y LA VISIBILIDAD SE REDUCIA MUCHO DEBIDO A QUE EL AGUA PARECIA "PEGARSE" AL WINDSHIELD DE UNA MANERA ANORMAL	"SE EFECTUO LIMPIEZA DE WINDSHIELD WINDSHIELD CLEANING"	AMM CAP 12-17-01 	USAR LIQUIDO ESPECIFICADO EN EL MANUAL RAIN REPELLENT N/P: REPCON	ADN	CARLOS DANIEL	N/A	NO	N/A	N/A
07-feb-26	525B	XA-MCU	22	N/A	2				AL ACELERAR ARRIBA DE 250 KTS SE ENCIENDE CAS "RETRIM R WING DOWN"	"SE REALIZÓ GARMIN AUTOPILOT SLIP-CLUTCH OVERRIDE TEST, GARMIN GFC 700 AFCS FUNCTIONAL Y OPERATIONAL TEST, Y RIG AL AILERON TRIM TAB."	 AMM CAPITULOS 22-12-00 Y 27-10-01	N/A	ADN	LUIS FABIAN FUENTES	N/A	NO	N/A	N/A
09-feb-26	525B	XA-MCU	22	N/A	2				EN EL ASCENSO SE PRESENTA CAS RETRIM WING DOWN Y L SIDE TAMBIEN ARRIBA DE 220 KNTS	"SE EFECTUA REGLAJE AILERON TRIM TAB. THE AILERON TRIM TAB ADJUSTMENT WAS PERFORMED"	 AMM 27-10-01	N/A	ADN	JAIME ALBERTO	N/A	NO	N/A	N/A
21-feb-26	525B	XA-MCU	32	N/A	2				DURANTE PERNOCTA SE DETECTA RUEDA #1 CON DESGASTE 	"SE EFECTUO REEMPLAZO DE LA RUEDA PRINCIPAL #1 POR UNA EN CONDICION SERVICIABLE. MAIN WHEEL "	AMM CAP 32-41-00	N/A	ADN	JAIME ALBERTO 	N/A	NO	3-1607-1   /  026-618-0 	N/A
28-feb-26	525B	XA-MCU	33	N/A	2				LUCES FLOOD INOPERATIVAS 	SE EFECTUARON PRUEBAS OPERACIONALES A FLOOD LIGHT ASSEMBL	 AMM CAP. 33-10-04	N/A	ADN	JAIME ALBERTO	"33-20-02-00A - C/ Individual lights may be inoperative provided: a) Sufficient lighting is operative for crew to perform required duties, b) Cabin emergency lighting is verified operative, and c) Sufficient lighting is operative for carrying cabin occupants at night"	NO	N/A	N/A
09-abr-26	525B	XA-MCU	32	N/A	1				DURANTE LA PERNOCTA SE DETECTA JUMPER DEL TREN DE NARIZ DAÑADO	"SE REALIZO REEMPLAZO DEL NLG JUMPER POR UNO NUEVO."	 AMM CAP: 32-20-00	N/A	ADN	ROBERTO CARLOS	N/A	NO	 RD19	N/A
11-abr-26	525B	XA-MCU	52	N/A	1				DERIVADO DE INSPECCIÓN DE PERNOCTA SE DETECTA "CABLE ASSEMBLY" LH DE ESCALERA A LA PUERTA PRINCIPAL DE  CABINA CON HILOS DAÑADOS	"SE EFECTUO  REMPLAZO DE ""CABLE ASSEMBLY""POR UNO EN CONDICION DE SERVICIABLE."	AMM. CAP.52-60-01	N/A	ADN	JAIME ALERTO, CARSLOS ANGUIANO	N/A	NO	4717238-12 	N/A
30-ene-26	LJ75	XA-MBE	32	N/A	2				DURANTE INSPECCION DE PRE VUELO SE ENCONTRO RUEDA #4 DE TREN PRINCIPAL SIN LA PRESION ADECUADA BAJANDO DE 165 PSI A 130 PSI, EFECTUAR REEMPLAZO.	"SE EFECTÚA REEMPLAZO DE CONJUNTO DE RUEDA #4 POR UNA EN CONDICIÓN DE SERVICEABLE."	A.M.M. CAP. 32-40-02	N/A	ADN	LUIS FABIAN	N/A	NO	3-1545-1  /   226K08-4 	3853  /   52110817
09-feb-26	LJ75	XA-MBE	25 - Equipo abordo	509	2				DURANTE LA PERNOCTA SE DETECTO BASE DE MASCARILLA DE OXIGENO DE COPILOTO ROTA	"SE REALIZO REEMPLAZO DE LA BASE DE MASCARILLA DE OXIGENO DE COPILOTO POR UNA EN CONDICION DE NUEVA."	 CMM CAP:25-14-06	N/A	ADN	ROBERTO CARLOS	N/A	NO	MXP105  	N/A
16-feb-26	LJ75	XA-MBE	25 - Equipo abordo	509	1				DURANTE INSPECCIÓN DE PERNOCTA SE ENCUENTRAN CLIPS ROTOS DE LUCES EN ESPEJO DEL LAVATORY	SE REALIZO REEMPLAZO DE 5 CLIPS DE LAS LUCES DEL ESPEJO POR UNOS NUEVOS	 CMM CAP:25-20-04	N/A	ADN	ROBERTO CARLOS	N/A	NO	 CPW180-200	N/A
17-feb-26	LJ75	XA-MBE	31	510	2				TARDA BASTANTE TIEMPO EN INICIALIZAR LA PANTALLA DU2 DESPUÉS DE PRENDER LA EMER BATT.	"SE REALIZÓ DU2 POWER CIRCUIT CHECK."	AMM CAP: 31-60-00	N/A	ADN	ROBERTO CARLOS	N/A	NO	N/A	N/A
17-feb-26	LJ75	XA-MBE	24	510	2				POSTERIOR AL ARRANQUE APARECE VARIAS VECES DE MANERA MOMENTÁNEA EL CAS “EMER BATT LOW” EN ÁMBAR|	"SE REALIZÓ PRUEBA OPERACIONAL DEL SISTEMA DE BATERÍA DE EMERGENCIA"	AMM CAP: 24-32-00	VERIFICAR SEÑALES LA PDP DERECHA DELANTERA	ADN	ROBERTO CARLOS	N/A	NO	N/A	N/A
17-feb-26	LJ75	XA-MBE	27	510	2				EN RODAJE INDICACIÓN DE FLAPS AMBAR, SIN QUE APAREZCA CAS MSG	SE REALIZÓ PRUEBA OPERACIONAL DEL SISTEMA DE FLAPS	AMM CAP: 27-50-00	SI POSTERIOR A PRUEBA SE VUELVE A REPRODUCIR. EFECTUAR RESET COMPLETO A FLAPS (PROCEDIMIENTO ENCONTRADO EN SMARTFIX . FLAP FAIL. BUSCAR CODIGO 0025 FLAPS UNCOMANDED)	ADN	ROBERTO CARLOS	N/A	NO	N/A	N/A
26-feb-26	LJ75	XA-MBE	72	N/A	2				R ENGINE CHIP (BLANCO) LISTA QRH LLEVA A MANTENIMIENTO A PARTIR DEL MENSAJE CAS 10 HORAS MAXIMO, QUEDANDO 6 HORAS ARPOXIMADAMENTE	"SE EFECTUÓ TROUBLESHOOTING R ENGINE CHIP, OIL SYSTEM CONTAMINATION."	LEARJET 75 SFP Y HONEWELL LMM CAP 72-00-00 	N/A	ADN	JOSE MANUEL, LUIS FABIAN	N/A	NO	N/A	N/A
26-feb-26	LJ75	XA-MBE	32	N/A	2				VIBRACION EN TREN DE NARIZ	"SE EFECTUÓ REMOCIÓN E INSTALACIÓN DE RUEDA DE TREN DE NARIZ PARA RETIRAR GRASA EN MAL ESTADO Y ENGRASAR DE NUEVO."	 A.M.M. CAP. 32-40-01.	N/A	ADN	LUIS FABIAN, ELIOT MORALES	N/A	NO	N/A	N/A
01-mar-26	LJ75	XA-MBE	27	N/A	2				DERIVADO DEL PREVUELO SE ENCONTRO FLAPS FAULT	SE EFECTUÓ VERIFICACIÓN A CABLEADO  FLAP POWER UNIT AND WING RVDT, FLAP CONTROL UNIT, FLIGHT CONTROL PANEL Y ADJUSTMENT/TEST RIGGING OF THE FLAP SYSTEM	WDM CAP: 27-50-05, 27-50-04, 31-10-02 Y AMM CAP: 27-50-00	SI POSTERIOR A PRUEBA SE VUELVE A REPRODUCIR. EFECTUAR RESET COMPLETO A FLAPS (PROCEDIMIENTO ENCONTRADO EN SMARTFIX . FLAP FAIL. BUSCAR CODIGO 0025 FLAPS UNCOMANDED)	ADN	JOSE MANUEL	N/A	NO	N/A	N/A
02-mar-26	LJ75	XA-MBE	33	N/A	2				DURANTE EL PREVUELO SE DETECTA LUZ LANDING RECOGNITION LIGHT RH EXTERIOR FUNDIDA.	SE LIBERA BAJO MEL LANDING LIGHT RH CON CATEGORIA C VENCIMIENTO AL 12/MAR/2026	MEL CAP: 33-40-07	N/A	ADN	LUIS GERARDO	33-40-07	NO	N/A	N/A
2026-01-02	LJ75	XA-MBN	27	1020	2				EN LA INSPECCION DE PREVUELO SE DETECTO ROZAMIENTO Y MOVIMIENTO LATERAL EN EL ALERON DERECHO	SE REALIZO REMOCION DE PERNO NP: NAS6204-24D, RONDANAS (CANT: 2) NP: AN960C416, BUJE NP: B0309008-04-041 Y TUERCA NP: MS14144L4, SE REALIZO SU ACCION CORRECTIVA EN LA ORDEN DE TRABAJO 8610 SQ1.3	 A.M.M.CAP. 27-10-02. 	N/A	ADN	ROBERTO CARLOS, JOSE MANUEL , BRIAN ANTHONY	N/A	SI	NAS6204-24D	N/A
2026-04-13	LJ75	XA-MBO	33	N/A					DURANTE PREVUELO SE ENCONTRO LUZ TAXI RH INOP	"SE REALIZO REEMPLAZO DE TAXI LAMP RH POR UNA EN CONDICION DE NUEVA"	AMM CAP: 33-40-04		ADN	CESAR ENRIQUE	N/A	SI	4587	N/A
2026-04-17	LJ75	XA-MBO	36	N/A	2				L BLEED OVERHEAT INTERMITENTE	SE EFECTUÓ SWAP Y PRUEBAS OPERACIONALES   ENTRE AMBOS BLEED AIR OVER-TEMPERATURE SWITCH  QUEDANDO DE LA SIGUIENTE MANERA LH OVER-TEMPERATURES SWITCH N/P:641179-4 N/S:000927 EN LADO DERECHO, RH OVER-TEMPERATURES SWITCH N/P:641179-4 N/S:000925 EN LADO IZQUIERDO  Y FUNTIONAL TEST OF THE HIGH-PRESSURE SWITCH	 AMM CAP 36-20-03, CAP: 36-10-06 	N/A	ADN	JOSE MANUEL, CARLOS DANIEL	N/A	SI	641179-4	N/A
2026-01-05	LJ75	XA-MBT	28	N/A	1				AL MOMENTO DE RECARGAR COMBUSTIBLE POR MEDIO DE SSPIZ ( SINGLE POINT ) AL LLEGAR APROXIMADAMENTE 950 LBS POR ALA LA CARGA SE PARA EN AUTOMÁTICO Y NO ENTRA MAS COMBUSTIBLE	SE EFECTUÓ OPERACIONAL CHECK REFUEL CHECK VALVE	AMM CAP. 28-20-09	EFECTUAR UNA PURGA A LOS DRENES DE LOS VENTS Y CONFIRMAR UNA APROPIADA PRESION DE LA BOMBA DE SUMINISTRO. COMO ULTIMA OPCION , CARGAR POR GRAVEDAD	ADN	CARLOS DANIEL	N/A	NO	N/A	N/A
2026-01-05	LJ75	XA-MBT	32	N/A	2				CONDICIÓN DE NEUMÁTICOS 2 Y 4 PRESENTAN UN DESGASTE CONSIDERABLE 	"SE EFECTUO INSPECCION VISUAL A LAS RUEDAS #2 Y #4 ENCONTRANDOSE DENTRO DE LIMITES VISUAL INSPECTION WAS PERFORMED ON WHEELS #2 AND #4,"	GOODYEAR TIRE CARE & MAINTENANCE MANUAL	N/A	ADN	CARLOS DANIEL	N/A	NO	N/A	N/A
2026-01-12	LJ75	XA-MBX	27	N/A					SE ENCIENDE LUZ MACH TRIM FAIL, PRI TRIM FAIL,SEC TRIM FAIL,APAGANDO EL PITCH TRIM Y PASANDOLO A "PRI" SE QUITA EL CAS	"SE EFECTUO PRUEBAS OPERACIONALES AL SISTEMA PRI TRIM."	A.M.M. CAP.27-40-00	LA GIA SUELE GUARDAR FALLAS DE PRI TRIM . VERIFICAR CON UN RESET DE GIAS . CB	ADN	IVAN CORONADO	N/A	NO	N/A	N/A
2026-01-14	LJ75	XA-MBX	32	345					VERIFICAR CONDICION DE LLANTA #2	"SE REALIZO REEMPLAZO DE RUEDA PRINCIPAL #2 POR UNA EN CONICION SERVICIABLE."	AMM CAP:32-40-02	N/A	ADN	CESAR ENRIQUE , LUIS FABIAN, ROBERTO CARLOS 	N/A	SI	3-1545-1	N/A
2026-01-27	LJ75	XA-MBX	32	N/A					CAS AMBAR "NWS FAIL" APARECE AL PRESIONAR PEDALES DE RUDDER Y SE DESCONECTA EL NWS	SE REVISA CABLEADO DE ACUERDO AL WIRING MANUAL CAP 32-50-01 DESDE NOSE WHEEL GEARBOX RVDT “T24” A NOSE WHEEL STEERING COMPUTER “A31” ENCONTRANDO CONECTOR “T24P” FLOJO Y CABLES DE LOS PINES #2 Y #7 DEL CONECTOR “T24P” TENIENDO INTERMITENCIA EN LA CONTINUIDAD POR LO QUE SE SOSPECHA QUE DICHO CABLEADO ESTÉ EN MAL ESTADO.	WIRING MANUAL CAP 32-50-01	VERIFICAR EL ARNES LIGERAMENTE MOVIENDO CON EL SISTEMA ENGARZADO	ADN	LUIS FABIAN	N/A	NO	N/A	N/A
2026-02-03	LJ75	XA-MBX	25 - Equipo abordo	N/A					DERIVADO DE LA PERNOCTA SE DETECTA MASTER DRAIN DE BAÑO INOPERATIVO	"SE EFECTUO REPARACION DE CABLES"	WM CAP. 25-40-01 	N/A	ADN	JAIME ALBERTO	N/A	NO	N/A	N/A
2026-04-08	LJ75	XA-MBX	77	N/A					R ENG COMPUTER FAULT CAS EN AMBAR PERDIDA DE POTENCIA EN EL MOTOR	"LIMPIEZA DEL SPEED SENSOR (N1), PRUEBAS OPERACIONALES Y VERIFICACIÓN/INSPECCIÓN DEL CABLEADO DEL SENSOR MONOPOLO (N1), OBTENIENDO PARÁMETROS DENTRO DE LÍMITES ESTABLECIDOS."	LMM CAP. 77-10-01, 72-00-00, 77-10-02 Y 77-00-00. 	N/A	ADN	JOSE MANUEL	N	SI	S9413-012	N/A
2026-03-24	680A	XA-MLF	32	183					"PARK BREAK LOW PRESS" AL PONER FRENO EN TIERRA DESPUES DE UNOS SEGUNDOS	"SE EFECTUÓ REEMPLAZO DE BRAKE ASSEMBLY #4 POR UNO EN CONDICIÓN SERVICEABLE."	AMM CAP: 32-42-05	N/A	ADN	ROBERTO CARLOS 		SI	9914655-3	N/A
2026-04-11	680A	XA-MLF	25 - Equipo abordo	N/A					LAVATORY DOOR LATCH IS INOPERATIVE	"SE INSTALO DE MANERA CORRECTA EL GAS SPRING SUPORT BRACKET."	IMM & IPC. CAP.25-20-34-10	N/A	ADN	JAIME ALBERTO, CARLOS ANGUIANO	N/A	NO	N/A	N/A
2026-04-11	680A	XA-MLG	25 - Equipo abordo	N/A					"PCU FUERA DE SERVICIO PCU INOP "	"SE EFECTUÓ REEMPLAZÓ DEL OLED UNIT POR UNO EN CONDICIÓN DE SERVICIABLE."	IMM CAP 25-30-01	N/A	ADN	ROBERTO CARLOS, CESAR ENRIQUE	N/A	SI	DIS175-02	N/A
2026-04-11	680A	XA-MLG	25 - Equipo abordo	N/A					MESA PAX RH DESAJUSTADA	"SE REALIZÓ REEMPLAZÓ DE TABLE FRAME ASSY POR UNO EN CONDICIÓN SERVICEABLE."	IMM CAP: 25-20-15	N/A	ADN	ROBERTO CARLOS, CESAR ENRIQUE	N/A	SI	30355-9	N/A
2026-04-12	680A	XA-MLG	34	N/A					GPS 2 SIN SEÑAL	SE EFECTUAN PRUEBAS OPERACIONALES DE GPS	 A.M.M. CAP. 34-51-00 	DESPLEGAR EN LA MFD LAS SEÑALES DIRECTAMENTE EN LA PAGINA DEL GPS Y MINIMO SE DEBEN RECIBIR 5 SEÑALES	ADN	JAIME ALBERTO	N/A	NO	N/A	N/A
2026-04-01	680A	XA-AGV	25 - Equipo abordo	N/A					EL ASIENTO FRENTE AL BAÑO REQUIERE MANTENIMIENTO EN SU CINTURON. 	"SE EFECTUO CORRECTA INSTALACION DE AFT SIDE- FACING SEAT"	 IMM&IPC CAP. 25-40-11,		ADN	JOSE MANUEL, CARLOS ANGUIANO	N/A	NO	N/A	N/A
2026-04-01	680A	XA-AGV	34	N/A					"RADIOALTIMETRO SE ACTIVA EN TIERRA INTERMITENTE."	SE EFECTUARON PRUEBAS OPERACIONALES DE ACUERDO AL A.M.M. CAP. 34-45-00 "GARMIN GRA 5500 RADIO ALTIMETER SYSTEM - ADJUSTMENT/TEST" SIN PRESENTAR FALLAS	A.M.M. CAP. 34-45-00	VERIFICAR RESISTENCIAS DE ANTENA DESDE LA UNIDAD UBICADA EN EL BAGGAGE	ADN	LUIS FABIAN	N/A	NO	N/A	N/A
2026-04-11	680A	XA-AGV	33	N/A					LUCES WASH LADO IZQUIERDO FUERA DE SERVICIO	SE LIBERA BAJO MEL LUCES WASH LADO IZQUIERDO DE ACUERDO AL MEL 33-20-02-00A SIENDO CAT. “D” CON FECHA DE VENCIMIENTO 10 AGO 2026	 MEL 33-20-02-00A		ADN	JAIME ALBERTO	N/A	NO	N/A	N/A
2026-04-11	680A	XA-AGV	34	N/A					GPS1 SERVICE	SE EFECTUÓ PRUEBA OPERACIONAL AL GPS SYSTEM	 AMM 34-51-00	VERIFICAR LAS SEÑALES EN LA MFD DE LOS SATELITES	ADN	JAIME ALBERTO	N/A	NO	N/A	N/A
2026-04-11	680A	XA-AGV	21	N/A					FUERTE ZUMBIDO DURANTE LAS APROXIMACIONES ENTRE 7 Y 6 MI PIES	"SE EFECTUAN PRUEBAS DE PRESURIZACION Y AIRE ACONDICIONADO NO DETECTANDO NIGUN RUIDO."	 A.M.M. CAP. 21-30-00	INSPECCIONAR SELLO DE PUERTA , AL ENCONTRAR DAÑO O CORTADA, CAMBIAR SECCION.	ADN	JAIME ALBERTO 	N/A	NO	N/A	N/A
2026-05-11	680A	XA-MLD	23	N/A					DURANTE TRÁNSITO LA TRIPULACIÓN REPORTA PANEL DE CONEXIÓN DE HEADSETS DE LADO DE PRIMER OFICIAL COMO INOPERATIVO	"SE EFECTÚA LA CORRECTA INSTALACIÓN Y PRUEBAS OPERACIONALES DEL ""MICROPHONE JACK PANEL ASSEMBLY"""	 A.M.M. CHAP. 23-50-30.	N/A	ADN	CARLOS ANGIANO LUIS,  FABIAN 	N/A	NO	N/A	N/A
2026-05-12	680A	XA-MLD	71 - Powerplant	N/A					DURANTE INPECCIÓN DE PERNOCTA SE ENCONTRÓ BUMPER GUARD DAÑADA DE MOTOR IZQUIERDO.	"SE EFECTUÓ REEMPLAZO DE ""BUMPER GUARD"" DE MOTOR IZQUIERDO EN CONDICIÓN DE NUEVO CON N/P: 8417."	I.A.W. C.S.P.M. CAP. 20-40-30 &  I.P.C. CAP. 71-10-10	N/A	ADN	JUAN RENATO CANTU	N/A	SI	8417	N/A
2026-05-12	680A	XA-MLD	25 - Equipo abordo	N/A					SOPORTE LUMBAR ASIENTO LH CABINA PILOTOS INOP	SE EFECTÚA LA CORRECTA INSTALACIÓN DEL LUMBAR	C.M.M. CHAP. 25-14-22	N/A	ADN	IVAN CORONADOS	N/A	NO	N/A	N/A
2026-05-12	680A	XA-MLD	24	N/A					DC OUTLET CABINA DE PILOTOS LH CON FALSO CONTACTO	"SE EFECTÚA PRUEBA OPERACIONAL DE DC POWER OUTLET LH "	680 CABIN ELECTRICAL OT - ACC-090-022 REV. 3	N/A	ADN	CARLOS DANIEL	N/A	NO	N/A	N/A
2026-05-24	680A	XA-MLE	51	N/A					DURANTE PERNOCTA SE DETECTO SELLO DE PUERTA PRINCIPAL ROTO	SE EFECTUO REPARACION DE SELLO DE PUERTA PRINCIPAL Y  PRUEBAS DE PRESURIZACION 	S.R.M. CAP. 51-40-15, A.M.M. CAP. 21-30-00		ADN	JAIME ALBERTO, CARLOS ANGUIANO	N/A	NO	N/A	N/A
2026-06-28	680A	XA-MLE	32	N/A					DURANTE PERNOCTA SE DETECTA RUEDA #4 CON DESGASTE FUERA DE LIMITES.	SE EFECTUO REMPLAZO DE RUEDA #4 POR UNA EN CONDICION DE SERVICIABLE	REMPLAZO DE RUEDA #4 POR UNA EN CONDICION DE SERVICIABLE DE ACUERDO AL A.M.M. CAP. 32-40-00	N/A	ADN	CARLOS ANGUINO	N/A	SI	3-1621	 D0429
2026-04-09	680A	XA-MLT	52	N/A					DERIVADO DE LA PERNOCTA SE ENCUENTRA CLIPS DEL AMORTIGUADOR DE LA PUERTA DE CARGA FALTANTE	"SE REALIZO INSTALACION DE LOS NUEVOS CLIPS DEL AMORTIGUADOR DE LA PUERTA DE CARGA SE REALIZO INSTALACION DE LOS NUEVOS CLIPS DEL AMORTIGUADOR DE LA PUERTA DE CARGA"	AMM CHAP: 52-30-25	N/A	ADN	ROBERTO CARLOS	N/A	SI	S3886-1   	N/A
2026-05-10	680A	XA-MLT	21	N/A					CONTINUA ZUMBIDO EN CABINA PAX REPORTADO EN EL FOLIO 1219	"SE EFECTUAN PRUEBAS DE PRESURIZACION NO DETECTANDO PRESENCIA DE ZUMBIDO ANORMAL REPORTADO PREVIAMENTE. SISTEMA OPERANDO DENTRO DE PARAMETROS NORMALES AL MOMENTO DE LA REVISION."	A.M.M. CHAP. 21-30-00	APLICAR LUBRICACION A SELLO DE PUERTA 	ADN	JAIME ALBERTO	N/A	NO	N/A	N/A
2026-06-07	680A	XA-MLT	53	N/A					DERIVADO DE INSPECCIÓN POR TRÁNSITO SE ENCUENTRA DIVERTER STRIP SUP IZQUIERDA DESPRENDIDA EN RADOMO	"SE EFECTUÓ LA INSTALACIÓN DE DIVERTER STRIP FALTANTE CON UNA EN CONDICIÓN DE NUEVA"	A.M.M. CAP. 53-20-00	N/A	ADN	LUIS FABIAN FUENTES	N/A	NO	N/A	N/A
	680A	XA-MLT	31	1255					EN ATENCION AL DIFERIDO APERTURADO EN EL FOLIO 1255	"SE EFECTUO REMPLAZO DE TOILET FLUSH SWICH POR UNO EN CONDICION NUEVO"	A.M.M. 31-10-50	N/A	ADN	N/A	N/A	NO	N/A	N/A
2026-06-30	680A	XA-MLT	25 - Equipo abordo	N/A					TOILET FLUSH SE QUEDA PEGADO	"SE EFECTUÓ EL REEMPLAZO DE ""RELAY MODULE"" POR UNO EN CONDICIÓN DE NUEVO. "	I.M.M & I.P.C CHAP. 25-92-16	VERIFICAR SEÑALES DE TIMER PUMP POR CONTINUIDAD	ADN	LUIS FABIAN	N/A	NO	LMD-5001-PA	N/A
2026-05-21	680A	XA-MLF	34	N/A					RADAR METEOROLÓGICO NO MUESTRA LOS ECOS CON NINGÚN AJUSTE WX RADAR SETTINGS	"SE EFECTUÓ GARMIN WEATHER RADAR SYSTEM OPERATIONAL CHECK."	AMM CAP: 34-40-00	N/A	ADN	JOSE MANUEL, ROBERTO CARLOS	N/A	NO	N/A	N/A
2026-05-21	680A	XA-MLF	32	N/A					EFECTUAR REEMPLAZO DE CONJUNTO DE RUEDAS DE NARIZ LH Y RH	"SE EFECTUÓ EL REEMPLAZO DE CONJUNTO DE RUEDAS DE NARIZ LH Y RH POR UNAS EN CONDICIÓN DE SERVICEABLES. PERFORMED LH & RH NLG WHEEL/TIRE ASSY REPLACEMENT BY ONES IN SERVICEABLE CONDITION"	A.M.M. CAP. 32-40-15	N/A	ADN	LUIS FABIAN	N/A	NO	3-1538-1	N/A
2026-06-08	680A	XA-MLF	51	N/A					DURANTE TRANSITO SE DETECTA DAÑO EN RADOMO	"SE REALIZO CLASIFICACION DEL DAÑO DE MATERIAL COMPUESTO, MEDIDAS DEL DAÑO, COIN TAP TEST Y TOUCH-UP DEL RADOMO."	 SPM CAP: 51-70-05, 51-71-01 Y CSPM CAP: 20-50-10	N/A	ADN	ROPBERTO CARLOS	N/A	NO	N/A	N/A
2026-06-16	680A	XA-MLF	24	N/A					BATERÍA IZQUIERDA HACE CICLO DE CARGA Y DESCARGA MUY RAPIDO	"SE EFECTUÓ REEMPLAZÓ DE BATERÍA PRINCIPAL LH POR UNA EN CONDICIÓN DE SERVICIABLE."	AMM CAP: 24-30-05	N/A	ADN	CESAR ENRIQUE	N/A	NO	 9914058-6	N/A
2026-06-25	680A	XA-MLG	28	N/A					FUEL LEAK, FUEL DRAINER OUTBORD MAIN LH LDG G	"SE CERRO VALVULA POPPET."	AMM CAP: 28-10-13	N/A	ADN	ROBERTO CARLOS, CESAR ENRIQUE	N/A	NO	N/A	N/A
2026-06-17	680A	XA-AGV	78	1777					REPORTE DE BITACORA THRUST REVERSE FAULT	"SE EFECTUO  TE THRUST REVERSER (T/R) SWITCH DISCRETES FAULT,  THRUST REVERSER SYSTEM OPERATIONAL CHECK Y VERIFICACIÓN A CABLEADO DE ACUERDO CON FADEC FAULT CODES."	 AMM CAP:78-30-00 Y WDM CAP: 78-30-01	N/A	ADN	JOSE MANUEL 	N/A	NO	N/A	N/A
2026-06-18	680A	XA-AGV	78	N/A					DURANTE TAXEO SE PRESENTO L ENG CTRL FAULT Y NO SE DESPLIEGA REVERSA	SE DIFIERE L T/R SYSTEM DE ACUERDO AL MEL CAP: 78-30-01, CATEGORIA "C", VIGENCIA DE 10 DIAS Y VENCIMIENTO EL 28/JUN/2026, ESTANDO BIEN PARA SERVICIO	MEL CAP: 78-30-0	N/A	ADN	JOSE MANUEL 	N/A	NO	N/A	N/A
2026-05-01	680A	XA-MLU	25 - Equipo abordo	N/A					DURANTE INSPECCION PREVUELO SE DETECTA LUZ DE SALIDA DE EMERGENCIA DE PUERTA PRINCIPAL TENUE	"SE REALIZÓ PRUEBA DE CAPACIDAD DE LOS PAQUETES DE BATERÍA DE EMERGENCIA ENCONTRÁNDOSE OPERATIVAS Y SE REVISÓ EL VOLTAJE QUE ENTRADA A LA LÁMPARA LED DETECTANDO BAJO VOLTAJE DE ENTRADA (10.8V). SE REQUIERE MAYOR ANÁLISIS DE CABLEADO. "	AMM CAP: 33-50-00 Y IWDM CAP: 25-92-08. 	N/A	ADN	ROBERTO CARLOS	N/A	NO	N/A	N/A
2026-05-03	680A	XA-MLU	52	N/A					CONTINUA FALLA DE FOLIOS ANTERIORES NOSE DOOR OPEN R	"SE REALIZÓ REMOCION/INSTALACION DE NOSE DOOR PLUNGER SWITCH SN012 POR UNO EN CONDICIÓN SERVICEABLE."	AMM CAP: 52-70-07	MEDIR BIEN EL AJUSTE 	ADN	JOSE MANUEL, ROBERTO CRLOS	N/A	SI	 DLRO10	N/A
2026-05-13	680A	XA-MLU	33	N/A					EN ATENCION A REPORTE DE LUZ DE SALIDA DE  EMERGENCIA.	"SE REALIZO PRUEBA OPERACIONAL Y PRUEBA DE CAPACIDAD A LOS PAQUETES DE BATERIA DE LUCES DE EMERGENCIA ."	AMM CAP: 33-50-0	N/A	ADN	ROBERTO CARLOS, JOSE MANUEL	N/A	NO	N/A	N/A
2026-05-11	680A	XA-MLU	52	N/A					CONTINUA INTERMITENTE AMBAR CAS "NOSE DOOR OPEN R"	SE EFECTUA PRUEBA OPERACIONAL DE NOSE ACCSES DOOR WARNING SYSTEM TEST	A.M.M. CAP. 52-70-00	VERIFICAR DESDE LA PAGINA DE MANTENIMIENTO Y DESCARTAR SWITCH, O VERIFICAR EN ARES EL SISTEMA	ADN	CARLOS DANIEL, JAIME ALBERTO	N/A	NO	N/A	N/A
2026-05-13	680A	XA-MLU	25 - Equipo abordo	N/A					SALIDA DE AGUA DE FAUCET ASSEMBLY SALE CON MUCHA PRESIÓN	"FAUCET ASSEMBLY. SE DETERMINA QUE LA FALLA PROVIENE DEL HOSE ASSEMBLY POR LO QUE SE EFECTÚA SU REEMPLAZO POR UNA EN CONDICIÓN DE ""SERVICEABLE"""	 I.M.M. & I.P.C. CHAPTER 25-40-01	VERIFICAR SALIDA DE GRIFO POR OBSTRUCCION Y ENRUTADO DE MANGUERA. ASI COMO PRESION DE LA BOMBA 	ADN	JUAN RENATO	N/A	SI	81475-3	N/A
